<?xml version="1.0" encoding="UTF-8" standalone="no"?><configurationDescriptor version="65">
  <logicalFolder displayName="root" name="root" projectFiles="true">
    <logicalFolder displayName="Header Files" name="HeaderFiles" projectFiles="true">
      <logicalFolder displayName="config" name="f1" projectFiles="true">
        <logicalFolder displayName="default" name="f1" projectFiles="true">
          <logicalFolder displayName="driver" name="f3" projectFiles="true">
            <logicalFolder displayName="usb" name="f1" projectFiles="true">
              <logicalFolder displayName="usbfs" name="f1" projectFiles="true">
                <logicalFolder displayName="src" name="f1" projectFiles="true">
                  <logicalFolder displayName="templates" name="f1" projectFiles="true">
                    <itemPath>../src/config/default/driver/usb/usbfs/src/templates/usbfs_registers.h</itemPath>
                    <itemPath>../src/config/default/driver/usb/usbfs/src/templates/usb_ActivityPending_Default.h</itemPath>
                    <itemPath>../src/config/default/driver/usb/usbfs/src/templates/usb_ActivityPending_Unsupported.h</itemPath>
                    <itemPath>../src/config/default/driver/usb/usbfs/src/templates/usb_ALL_Interrupt_Default.h</itemPath>
                    <itemPath>../src/config/default/driver/usb/usbfs/src/templates/usb_ALL_Interrupt_Unsupported.h</itemPath>
                    <itemPath>../src/config/default/driver/usb/usbfs/src/templates/usb_AutomaticSuspend_Default.h</itemPath>
                    <itemPath>../src/config/default/driver/usb/usbfs/src/templates/usb_AutomaticSuspend_Unsupported.h</itemPath>
                    <itemPath>../src/config/default/driver/usb/usbfs/src/templates/usb_BDTBaseAddress_Default.h</itemPath>
                    <itemPath>../src/config/default/driver/usb/usbfs/src/templates/usb_BDTBaseAddress_Unsupported.h</itemPath>
                    <itemPath>../src/config/default/driver/usb/usbfs/src/templates/usb_BDTFunctions_PIC32.h</itemPath>
                    <itemPath>../src/config/default/driver/usb/usbfs/src/templates/usb_BDTFunctions_Unsupported.h</itemPath>
                    <itemPath>../src/config/default/driver/usb/usbfs/src/templates/usb_BufferFreeze_Default.h</itemPath>
                    <itemPath>../src/config/default/driver/usb/usbfs/src/templates/usb_BufferFreeze_Unsupported.h</itemPath>
                    <itemPath>../src/config/default/driver/usb/usbfs/src/templates/usb_DeviceAddress_Default.h</itemPath>
                    <itemPath>../src/config/default/driver/usb/usbfs/src/templates/usb_DeviceAddress_Unsupported.h</itemPath>
                    <itemPath>../src/config/default/driver/usb/usbfs/src/templates/usb_EP0LowSpeedConnect_Default.h</itemPath>
                    <itemPath>../src/config/default/driver/usb/usbfs/src/templates/usb_EP0LowSpeedConnect_Unsupported.h</itemPath>
                    <itemPath>../src/config/default/driver/usb/usbfs/src/templates/usb_EP0NAKRetry_Default.h</itemPath>
                    <itemPath>../src/config/default/driver/usb/usbfs/src/templates/usb_EP0NAKRetry_Unsupported.h</itemPath>
                    <itemPath>../src/config/default/driver/usb/usbfs/src/templates/usb_EPnControlTransfer_Default.h</itemPath>
                    <itemPath>../src/config/default/driver/usb/usbfs/src/templates/usb_EPnControlTransfer_Unsupported.h</itemPath>
                    <itemPath>../src/config/default/driver/usb/usbfs/src/templates/usb_EPnHandshake_Default.h</itemPath>
                    <itemPath>../src/config/default/driver/usb/usbfs/src/templates/usb_EPnHandshake_Unsupported.h</itemPath>
                    <itemPath>../src/config/default/driver/usb/usbfs/src/templates/usb_EPnRxEnableEnhanced_PIC32.h</itemPath>
                    <itemPath>../src/config/default/driver/usb/usbfs/src/templates/usb_EPnRxEnableEnhanced_Unsupported.h</itemPath>
                    <itemPath>../src/config/default/driver/usb/usbfs/src/templates/usb_EPnStall_Default.h</itemPath>
                    <itemPath>../src/config/default/driver/usb/usbfs/src/templates/usb_EPnStall_Unsupported.h</itemPath>
                    <itemPath>../src/config/default/driver/usb/usbfs/src/templates/usb_EPnTxRx_Default.h</itemPath>
                    <itemPath>../src/config/default/driver/usb/usbfs/src/templates/usb_EPnTxRx_Unsupported.h</itemPath>
                    <itemPath>../src/config/default/driver/usb/usbfs/src/templates/usb_ERR_Interrupt_Default.h</itemPath>
                    <itemPath>../src/config/default/driver/usb/usbfs/src/templates/usb_ERR_Interrupt_Unsupported.h</itemPath>
                    <itemPath>../src/config/default/driver/usb/usbfs/src/templates/usb_ERR_InterruptStatus_Default.h</itemPath>
                    <itemPath>../src/config/default/driver/usb/usbfs/src/templates/usb_ERR_InterruptStatus_Unsupported.h</itemPath>
                    <itemPath>../src/config/default/driver/usb/usbfs/src/templates/usb_EyePattern_Default.h</itemPath>
                    <itemPath>../src/config/default/driver/usb/usbfs/src/templates/usb_EyePattern_Unsupported.h</itemPath>
                    <itemPath>../src/config/default/driver/usb/usbfs/src/templates/usb_FrameNumber_Default.h</itemPath>
                    <itemPath>../src/config/default/driver/usb/usbfs/src/templates/usb_FrameNumber_Unsupported.h</itemPath>
                    <itemPath>../src/config/default/driver/usb/usbfs/src/templates/usb_GEN_Interrupt_Default.h</itemPath>
                    <itemPath>../src/config/default/driver/usb/usbfs/src/templates/usb_GEN_Interrupt_Unsupported.h</itemPath>
                    <itemPath>../src/config/default/driver/usb/usbfs/src/templates/usb_GEN_InterruptStatus_Default.h</itemPath>
                    <itemPath>../src/config/default/driver/usb/usbfs/src/templates/usb_GEN_InterruptStatus_Unsupported.h</itemPath>
                    <itemPath>../src/config/default/driver/usb/usbfs/src/templates/usb_HostBusyWithToken_Default.h</itemPath>
                    <itemPath>../src/config/default/driver/usb/usbfs/src/templates/usb_HostBusyWithToken_Unsupported.h</itemPath>
                    <itemPath>../src/config/default/driver/usb/usbfs/src/templates/usb_HostGeneratesReset_Default.h</itemPath>
                    <itemPath>../src/config/default/driver/usb/usbfs/src/templates/usb_HostGeneratesReset_Unsupported.h</itemPath>
                    <itemPath>../src/config/default/driver/usb/usbfs/src/templates/usb_LastDirection_Default.h</itemPath>
                    <itemPath>../src/config/default/driver/usb/usbfs/src/templates/usb_LastDirection_Unsupported.h</itemPath>
                    <itemPath>../src/config/default/driver/usb/usbfs/src/templates/usb_LastEndpoint_Default.h</itemPath>
                    <itemPath>../src/config/default/driver/usb/usbfs/src/templates/usb_LastEndpoint_Unsupported.h</itemPath>
                    <itemPath>../src/config/default/driver/usb/usbfs/src/templates/usb_LastPingPong_Default.h</itemPath>
                    <itemPath>../src/config/default/driver/usb/usbfs/src/templates/usb_LastPingPong_Unsupported.h</itemPath>
                    <itemPath>../src/config/default/driver/usb/usbfs/src/templates/usb_LastTransactionDetails_Default.h</itemPath>
                    <itemPath>../src/config/default/driver/usb/usbfs/src/templates/usb_LastTransactionDetails_Unsupported.h</itemPath>
                    <itemPath>../src/config/default/driver/usb/usbfs/src/templates/usb_LiveJState_Default.h</itemPath>
                    <itemPath>../src/config/default/driver/usb/usbfs/src/templates/usb_LiveJState_Unsupported.h</itemPath>
                    <itemPath>../src/config/default/driver/usb/usbfs/src/templates/usb_LiveSingleEndedZero_Default.h</itemPath>
                    <itemPath>../src/config/default/driver/usb/usbfs/src/templates/usb_LiveSingleEndedZero_Unsupported.h</itemPath>
                    <itemPath>../src/config/default/driver/usb/usbfs/src/templates/usb_ModuleBusy_Default.h</itemPath>
                    <itemPath>../src/config/default/driver/usb/usbfs/src/templates/usb_ModuleBusy_Unsupported.h</itemPath>
                    <itemPath>../src/config/default/driver/usb/usbfs/src/templates/usb_ModulePower_32Bit16Bit.h</itemPath>
                    <itemPath>../src/config/default/driver/usb/usbfs/src/templates/usb_ModulePower_Unsupported.h</itemPath>
                    <itemPath>../src/config/default/driver/usb/usbfs/src/templates/usb_NextTokenSpeed_Default.h</itemPath>
                    <itemPath>../src/config/default/driver/usb/usbfs/src/templates/usb_NextTokenSpeed_Unsupported.h</itemPath>
                    <itemPath>../src/config/default/driver/usb/usbfs/src/templates/usb_OnChipPullup_Unsupported.h</itemPath>
                    <itemPath>../src/config/default/driver/usb/usbfs/src/templates/usb_OnChipTransceiver_Unsupported.h</itemPath>
                    <itemPath>../src/config/default/driver/usb/usbfs/src/templates/usb_OpModeSelect_Default.h</itemPath>
                    <itemPath>../src/config/default/driver/usb/usbfs/src/templates/usb_OpModeSelect_Unsupported.h</itemPath>
                    <itemPath>../src/config/default/driver/usb/usbfs/src/templates/usb_OTG_ASessionValid_Default.h</itemPath>
                    <itemPath>../src/config/default/driver/usb/usbfs/src/templates/usb_OTG_ASessionValid_Unsupported.h</itemPath>
                    <itemPath>../src/config/default/driver/usb/usbfs/src/templates/usb_OTG_BSessionEnd_Default.h</itemPath>
                    <itemPath>../src/config/default/driver/usb/usbfs/src/templates/usb_OTG_BSessionEnd_Unsupported.h</itemPath>
                    <itemPath>../src/config/default/driver/usb/usbfs/src/templates/usb_OTG_IDPinState_Default.h</itemPath>
                    <itemPath>../src/config/default/driver/usb/usbfs/src/templates/usb_OTG_IDPinState_Unsupported.h</itemPath>
                    <itemPath>../src/config/default/driver/usb/usbfs/src/templates/usb_OTG_Interrupt_Default.h</itemPath>
                    <itemPath>../src/config/default/driver/usb/usbfs/src/templates/usb_OTG_Interrupt_Unsupported.h</itemPath>
                    <itemPath>../src/config/default/driver/usb/usbfs/src/templates/usb_OTG_InterruptStatus_Default.h</itemPath>
                    <itemPath>../src/config/default/driver/usb/usbfs/src/templates/usb_OTG_InterruptStatus_Unsupported.h</itemPath>
                    <itemPath>../src/config/default/driver/usb/usbfs/src/templates/usb_OTG_LineState_Default.h</itemPath>
                    <itemPath>../src/config/default/driver/usb/usbfs/src/templates/usb_OTG_LineState_Unsupported.h</itemPath>
                    <itemPath>../src/config/default/driver/usb/usbfs/src/templates/usb_OTG_PullUpPullDown_Default.h</itemPath>
                    <itemPath>../src/config/default/driver/usb/usbfs/src/templates/usb_OTG_PullUpPullDown_Unsupported.h</itemPath>
                    <itemPath>../src/config/default/driver/usb/usbfs/src/templates/usb_OTG_SessionValid_Default.h</itemPath>
                    <itemPath>../src/config/default/driver/usb/usbfs/src/templates/usb_OTG_SessionValid_Unsupported.h</itemPath>
                    <itemPath>../src/config/default/driver/usb/usbfs/src/templates/usb_OTG_VbusCharge_Default.h</itemPath>
                    <itemPath>../src/config/default/driver/usb/usbfs/src/templates/usb_OTG_VbusCharge_Unsupported.h</itemPath>
                    <itemPath>../src/config/default/driver/usb/usbfs/src/templates/usb_OTG_VbusDischarge_Default.h</itemPath>
                    <itemPath>../src/config/default/driver/usb/usbfs/src/templates/usb_OTG_VbusDischarge_Unsupported.h</itemPath>
                    <itemPath>../src/config/default/driver/usb/usbfs/src/templates/usb_OTG_VbusPowerOnOff_Default.h</itemPath>
                    <itemPath>../src/config/default/driver/usb/usbfs/src/templates/usb_OTG_VbusPowerOnOff_Unsupported.h</itemPath>
                    <itemPath>../src/config/default/driver/usb/usbfs/src/templates/usb_PacketTransfer_Default.h</itemPath>
                    <itemPath>../src/config/default/driver/usb/usbfs/src/templates/usb_PacketTransfer_Unsupported.h</itemPath>
                    <itemPath>../src/config/default/driver/usb/usbfs/src/templates/usb_PingPongMode_Unsupported.h</itemPath>
                    <itemPath>../src/config/default/driver/usb/usbfs/src/templates/usb_ResumeSignaling_Default.h</itemPath>
                    <itemPath>../src/config/default/driver/usb/usbfs/src/templates/usb_ResumeSignaling_Unsupported.h</itemPath>
                    <itemPath>../src/config/default/driver/usb/usbfs/src/templates/usb_SleepEntryGuard_Default.h</itemPath>
                    <itemPath>../src/config/default/driver/usb/usbfs/src/templates/usb_SleepEntryGuard_Unsupported.h</itemPath>
                    <itemPath>../src/config/default/driver/usb/usbfs/src/templates/usb_SOFThreshold_Default.h</itemPath>
                    <itemPath>../src/config/default/driver/usb/usbfs/src/templates/usb_SOFThreshold_Unsupported.h</itemPath>
                    <itemPath>../src/config/default/driver/usb/usbfs/src/templates/usb_SpeedControl_Unsupported.h</itemPath>
                    <itemPath>../src/config/default/driver/usb/usbfs/src/templates/usb_StartOfFrames_Default.h</itemPath>
                    <itemPath>../src/config/default/driver/usb/usbfs/src/templates/usb_StartOfFrames_Unsupported.h</itemPath>
                    <itemPath>../src/config/default/driver/usb/usbfs/src/templates/usb_StopInIdle_Default.h</itemPath>
                    <itemPath>../src/config/default/driver/usb/usbfs/src/templates/usb_StopInIdle_Unsupported.h</itemPath>
                    <itemPath>../src/config/default/driver/usb/usbfs/src/templates/usb_Suspend_Default.h</itemPath>
                    <itemPath>../src/config/default/driver/usb/usbfs/src/templates/usb_Suspend_Unsupported.h</itemPath>
                    <itemPath>../src/config/default/driver/usb/usbfs/src/templates/usb_TokenEP_Default.h</itemPath>
                    <itemPath>../src/config/default/driver/usb/usbfs/src/templates/usb_TokenEP_Unsupported.h</itemPath>
                    <itemPath>../src/config/default/driver/usb/usbfs/src/templates/usb_TokenPID_Default.h</itemPath>
                    <itemPath>../src/config/default/driver/usb/usbfs/src/templates/usb_TokenPID_Unsupported.h</itemPath>
                    <itemPath>../src/config/default/driver/usb/usbfs/src/templates/usb_UOEMonitor_Unsupported.h</itemPath>
                  </logicalFolder>
                  <itemPath>../src/config/default/driver/usb/usbfs/src/drv_usbfs_variant_mapping.h</itemPath>
                  <itemPath>../src/config/default/driver/usb/usbfs/src/drv_usbfs_local.h</itemPath>
                  <itemPath>../src/config/default/driver/usb/usbfs/src/plib_usbfs.h</itemPath>
                  <itemPath>../src/config/default/driver/usb/usbfs/src/plib_usbfs_header.h</itemPath>
                  <itemPath>../src/config/default/driver/usb/usbfs/src/usbfs_registers.h</itemPath>
                </logicalFolder>
                <itemPath>../src/config/default/driver/usb/usbfs/drv_usbfs.h</itemPath>
              </logicalFolder>
              <itemPath>../src/config/default/driver/usb/drv_usb.h</itemPath>
              <itemPath>../src/config/default/driver/usb/drv_usb_external_dependencies.h</itemPath>
            </logicalFolder>
            <itemPath>../src/config/default/driver/driver.h</itemPath>
            <itemPath>../src/config/default/driver/driver_common.h</itemPath>
          </logicalFolder>
          <logicalFolder displayName="osal" name="f5" projectFiles="true">
            <itemPath>../src/config/default/osal/osal.h</itemPath>
            <itemPath>../src/config/default/osal/osal_definitions.h</itemPath>
            <itemPath>../src/config/default/osal/osal_impl_basic.h</itemPath>
          </logicalFolder>
          <logicalFolder displayName="peripheral" name="f2" projectFiles="true">
            <logicalFolder displayName="clk" name="f2" projectFiles="true">
              <itemPath>../src/config/default/peripheral/clk/plib_clk.h</itemPath>
            </logicalFolder>
            <logicalFolder displayName="coretimer" name="f1" projectFiles="true">
              <itemPath>../src/config/default/peripheral/coretimer/plib_coretimer.h</itemPath>
            </logicalFolder>
            <logicalFolder displayName="evic" name="f4" projectFiles="true">
              <itemPath>../src/config/default/peripheral/evic/plib_evic.h</itemPath>
            </logicalFolder>
            <logicalFolder displayName="gpio" name="f3" projectFiles="true">
              <itemPath>../src/config/default/peripheral/gpio/plib_gpio.h</itemPath>
            </logicalFolder>
            <logicalFolder displayName="tmr" name="f5" projectFiles="true">
              <itemPath>../src/config/default/peripheral/tmr/plib_tmr_common.h</itemPath>
              <itemPath>../src/config/default/peripheral/tmr/plib_tmr2.h</itemPath>
            </logicalFolder>
            <logicalFolder displayName="uart" name="f6" projectFiles="true">
              <itemPath>../src/config/default/peripheral/uart/plib_uart_common.h</itemPath>
              <itemPath>../src/config/default/peripheral/uart/plib_uart1.h</itemPath>
            </logicalFolder>
          </logicalFolder>
          <logicalFolder displayName="system" name="f4" projectFiles="true">
            <logicalFolder displayName="debug" name="f2" projectFiles="true">
              <itemPath>../src/config/default/system/debug/sys_debug.h</itemPath>
            </logicalFolder>
            <logicalFolder displayName="int" name="f1" projectFiles="true">
              <itemPath>../src/config/default/system/int/sys_int.h</itemPath>
              <itemPath>../src/config/default/system/int/sys_int_mapping.h</itemPath>
            </logicalFolder>
            <logicalFolder displayName="ports" name="f5" projectFiles="true">
              <itemPath>../src/config/default/system/ports/sys_ports.h</itemPath>
              <itemPath>../src/config/default/system/ports/sys_ports_mapping.h</itemPath>
            </logicalFolder>
            <logicalFolder displayName="time" name="f3" projectFiles="true">
              <itemPath>../src/config/default/system/time/sys_time.h</itemPath>
              <itemPath>../src/config/default/system/time/sys_time_definitions.h</itemPath>
              <itemPath>../src/config/default/system/time/src/sys_time_local.h</itemPath>
            </logicalFolder>
            <itemPath>../src/config/default/system/system.h</itemPath>
            <itemPath>../src/config/default/system/system_common.h</itemPath>
            <itemPath>../src/config/default/system/system_module.h</itemPath>
          </logicalFolder>
          <logicalFolder displayName="usb" name="f1" projectFiles="true">
            <logicalFolder displayName="src" name="f1" projectFiles="true">
              <itemPath>../src/config/default/usb/src/usb_host_local.h</itemPath>
              <itemPath>../src/config/default/usb/src/usb_host_hub_mapping.h</itemPath>
              <itemPath>../src/config/default/usb/src/usb_external_dependencies.h</itemPath>
              <itemPath>../src/config/default/usb/src/usb_host_hid_local.h</itemPath>
              <itemPath>../src/config/default/usb/src/usb_host_hid_keyboard_local.h</itemPath>
            </logicalFolder>
            <itemPath>../src/config/default/usb/usb_host.h</itemPath>
            <itemPath>../src/config/default/usb/usb_common.h</itemPath>
            <itemPath>../src/config/default/usb/usb_chapter_9.h</itemPath>
            <itemPath>../src/config/default/usb/usb_host_client_driver.h</itemPath>
            <itemPath>../src/config/default/usb/usb_host_hub_interface.h</itemPath>
            <itemPath>../src/config/default/usb/usb_hub.h</itemPath>
            <itemPath>../src/config/default/usb/usb_host_hid.h</itemPath>
            <itemPath>../src/config/default/usb/usb_hid.h</itemPath>
            <itemPath>../src/config/default/usb/usb_host_hid_keyboard.h</itemPath>
          </logicalFolder>
          <itemPath>../src/config/default/device.h</itemPath>
          <itemPath>../src/config/default/toolchain_specifics.h</itemPath>
          <itemPath>../src/config/default/definitions.h</itemPath>
          <itemPath>../src/config/default/interrupts.h</itemPath>
          <itemPath>../src/config/default/user.h</itemPath>
          <itemPath>../src/config/default/configuration.h</itemPath>
        </logicalFolder>
      </logicalFolder>
      <itemPath>../src/app.h</itemPath>
    </logicalFolder>
    <logicalFolder displayName="Linker Files" name="LinkerScript" projectFiles="true">
      <logicalFolder displayName="config" name="f1" projectFiles="true">
        <logicalFolder displayName="default" name="f1" projectFiles="true">
          <itemPath>../src/config/default/p32MX450F256H.ld</itemPath>
        </logicalFolder>
      </logicalFolder>
    </logicalFolder>
    <logicalFolder displayName="Source Files" name="SourceFiles" projectFiles="true">
      <logicalFolder displayName="config" name="f1" projectFiles="true">
        <logicalFolder displayName="default" name="f1" projectFiles="true">
          <logicalFolder displayName="driver" name="f4" projectFiles="true">
            <logicalFolder displayName="usb" name="f1" projectFiles="true">
              <logicalFolder displayName="usbfs" name="f1" projectFiles="true">
                <logicalFolder displayName="src" name="f1" projectFiles="true">
                  <itemPath>../src/config/default/driver/usb/usbfs/src/drv_usbfs.c</itemPath>
                  <itemPath>../src/config/default/driver/usb/usbfs/src/drv_usbfs_host.c</itemPath>
                </logicalFolder>
              </logicalFolder>
            </logicalFolder>
          </logicalFolder>
          <logicalFolder displayName="peripheral" name="f2" projectFiles="true">
            <logicalFolder displayName="clk" name="f2" projectFiles="true">
              <itemPath>../src/config/default/peripheral/clk/plib_clk.c</itemPath>
            </logicalFolder>
            <logicalFolder displayName="coretimer" name="f1" projectFiles="true">
              <itemPath>../src/config/default/peripheral/coretimer/plib_coretimer.c</itemPath>
            </logicalFolder>
            <logicalFolder displayName="evic" name="f4" projectFiles="true">
              <itemPath>../src/config/default/peripheral/evic/plib_evic.c</itemPath>
            </logicalFolder>
            <logicalFolder displayName="gpio" name="f3" projectFiles="true">
              <itemPath>../src/config/default/peripheral/gpio/plib_gpio.c</itemPath>
            </logicalFolder>
            <logicalFolder displayName="tmr" name="f5" projectFiles="true">
              <itemPath>../src/config/default/peripheral/tmr/plib_tmr2.c</itemPath>
            </logicalFolder>
            <logicalFolder displayName="uart" name="f6" projectFiles="true">
              <itemPath>../src/config/default/peripheral/uart/plib_uart1.c</itemPath>
            </logicalFolder>
          </logicalFolder>
          <logicalFolder displayName="stdio" name="f3" projectFiles="true">
            <itemPath>../src/config/default/stdio/xc32_monitor.c</itemPath>
          </logicalFolder>
          <logicalFolder displayName="system" name="f5" projectFiles="true">
            <logicalFolder displayName="int" name="f1" projectFiles="true">
              <itemPath>../src/config/default/system/int/src/sys_int.c</itemPath>
            </logicalFolder>
            <logicalFolder displayName="time" name="f2" projectFiles="true">
              <itemPath>../src/config/default/system/time/src/sys_time.c</itemPath>
            </logicalFolder>
          </logicalFolder>
          <logicalFolder displayName="usb" name="f1" projectFiles="true">
            <logicalFolder displayName="src" name="f1" projectFiles="true">
              <itemPath>../src/config/default/usb/src/usb_host.c</itemPath>
              <itemPath>../src/config/default/usb/src/usb_host_hid.c</itemPath>
              <itemPath>../src/config/default/usb/src/usb_host_hid_keyboard.c</itemPath>
            </logicalFolder>
          </logicalFolder>
          <itemPath>../src/config/default/usb_host_init_data.c</itemPath>
          <itemPath>../src/config/default/initialization.c</itemPath>
          <itemPath>../src/config/default/interrupts.c</itemPath>
          <itemPath>../src/config/default/exceptions.c</itemPath>
          <itemPath>../src/config/default/tasks.c</itemPath>
        </logicalFolder>
      </logicalFolder>
      <itemPath>../src/main.c</itemPath>
      <itemPath>../src/app.c</itemPath>
    </logicalFolder>
    <logicalFolder displayName="Important Files" name="ExternalFiles" projectFiles="false">
      <logicalFolder displayName="default.mhc" name="f1" projectFiles="true">
        <itemPath>../src/config/default/default.mhc/core.yml</itemPath>
        <itemPath>../src/config/default/default.mhc/core_timer.yml</itemPath>
        <itemPath>../src/config/default/default.mhc/dfp.yml</itemPath>
        <itemPath>../src/config/default/default.mhc/drv_usbfs_v1.yml</itemPath>
        <itemPath>../src/config/default/default.mhc/GraphSettings.yml</itemPath>
        <itemPath>../src/config/default/default.mhc/HarmonyCore.yml</itemPath>
        <itemPath>../src/config/default/default.mhc/project.yml</itemPath>
        <itemPath>../src/config/default/default.mhc/settings.yml</itemPath>
        <itemPath>../src/config/default/default.mhc/sys_time.yml</itemPath>
        <itemPath>../src/config/default/default.mhc/tmr2.yml</itemPath>
        <itemPath>../src/config/default/default.mhc/uart1.yml</itemPath>
        <itemPath>../src/config/default/default.mhc/usb_host.yml</itemPath>
        <itemPath>../src/config/default/default.mhc/usb_host_hid.yml</itemPath>
      </logicalFolder>
      <itemPath>Makefile</itemPath>
      <itemPath>../src/config/default/harmony-manifest-success.yml</itemPath>
    </logicalFolder>
  </logicalFolder>
  <sourceRootList>
    <Elem>../src</Elem>
  </sourceRootList>
  <projectmakefile>Makefile</projectmakefile>
  <confs>
    <conf name="default" type="2">
      <toolsSet>
        <developmentServer>localhost</developmentServer>
        <targetDevice>PIC32MX450F256H</targetDevice>
        <targetHeader/>
        <targetPluginBoard/>
        <platformTool>ICD3PlatformTool</platformTool>
        <languageToolchain>XC32</languageToolchain>
        <languageToolchainVersion>2.50</languageToolchainVersion>
        <platform>3</platform>
      </toolsSet>
      <packs>
        <pack name="PIC32MX_DFP" vendor="Microchip" version="1.3.231"/>
      </packs>
      <ScriptingSettings>
      </ScriptingSettings>
      <compileType>
        <linkerTool>
          <linkerLibItems>
          </linkerLibItems>
        </linkerTool>
        <archiverTool>
        </archiverTool>
        <loading>
          <useAlternateLoadableFile>false</useAlternateLoadableFile>
          <parseOnProdLoad>false</parseOnProdLoad>
          <alternateLoadableFile/>
        </loading>
        <subordinates>
        </subordinates>
      </compileType>
      <makeCustomizationType>
        <makeCustomizationPreStepEnabled>false</makeCustomizationPreStepEnabled>
        <makeUseCleanTarget>false</makeUseCleanTarget>
        <makeCustomizationPreStep/>
        <makeCustomizationPostStepEnabled>false</makeCustomizationPostStepEnabled>
        <makeCustomizationPostStep/>
        <makeCustomizationPutChecksumInUserID>false</makeCustomizationPutChecksumInUserID>
        <makeCustomizationEnableLongLines>false</makeCustomizationEnableLongLines>
        <makeCustomizationNormalizeHexFile>false</makeCustomizationNormalizeHexFile>
      </makeCustomizationType>
      <C32>
        <property key="additional-warnings" value="true"/>
        <property key="enable-app-io" value="false"/>
        <property key="enable-omit-frame-pointer" value="false"/>
        <property key="enable-symbols" value="true"/>
        <property key="enable-unroll-loops" value="false"/>
        <property key="exclude-floating-point" value="false"/>
        <property key="extra-include-directories" value="../src;../src/config/default;../src/packs/PIC32MX450F256H_DFP"/>
        <property key="generate-16-bit-code" value="false"/>
        <property key="generate-micro-compressed-code" value="false"/>
        <property key="isolate-each-function" value="true"/>
        <property key="make-warnings-into-errors" value="true"/>
        <property key="optimization-level" value="-O1"/>
        <property key="place-data-into-section" value="false"/>
        <property key="post-instruction-scheduling" value="default"/>
        <property key="pre-instruction-scheduling" value="default"/>
        <property key="preprocessor-macros" value=""/>
        <property key="strict-ansi" value="false"/>
        <property key="support-ansi" value="false"/>
        <property key="use-cci" value="false"/>
        <property key="use-iar" value="false"/>
        <property key="use-indirect-calls" value="false"/>
      </C32>
      <C32-AR>
        <property key="additional-options-chop-files" value="false"/>
      </C32-AR>
      <C32-AS>
        <property key="extra-include-directories-for-assembler" value=""/>
        <property key="extra-include-directories-for-preprocessor" value=""/>
      </C32-AS>
      <C32-CO>
        <property key="coverage-enable" value=""/>
      </C32-CO>
      <C32-LD>
        <property key="additional-options-use-response-files" value="false"/>
        <property key="enable-check-sections" value="false"/>
        <property key="exclude-floating-point-library" value="false"/>
        <property key="exclude-standard-libraries" value="false"/>
        <property key="extra-lib-directories" value=""/>
        <property key="fill-flash-options-addr" value=""/>
        <property key="fill-flash-options-const" value=""/>
        <property key="fill-flash-options-how" value="0"/>
        <property key="fill-flash-options-inc-const" value="1"/>
        <property key="fill-flash-options-increment" value=""/>
        <property key="fill-flash-options-seq" value=""/>
        <property key="fill-flash-options-what" value="0"/>
        <property key="generate-16-bit-code" value="false"/>
        <property key="generate-cross-reference-file" value="false"/>
        <property key="generate-micro-compressed-code" value="false"/>
        <property key="heap-size" value="512"/>
        <property key="input-libraries" value=""/>
        <property key="linker-symbols" value=""/>
        <property key="map-file" value="${DISTDIR}/${PROJECTNAME}.${IMAGE_TYPE}.map"/>
        <property key="no-device-startup-code" value="true"/>
        <property key="no-startup-files" value="false"/>
        <property key="oXC32ld-extra-opts" value=""/>
        <property key="optimization-level" value=""/>
        <property key="preprocessor-macros" value=""/>
        <property key="remove-unused-sections" value="true"/>
        <property key="report-memory-usage" value="false"/>
        <property key="stack-size" value=""/>
        <property key="symbol-stripping" value=""/>
        <property key="trace-symbols" value=""/>
        <property key="warn-section-align" value="false"/>
      </C32-LD>
      <C32CPP>
        <property key="additional-warnings" value="false"/>
        <property key="check-new" value="false"/>
        <property key="eh-specs" value="true"/>
        <property key="enable-app-io" value="false"/>
        <property key="enable-omit-frame-pointer" value="false"/>
        <property key="enable-symbols" value="true"/>
        <property key="enable-unroll-loops" value="false"/>
        <property key="exceptions" value="true"/>
        <property key="exclude-floating-point" value="false"/>
        <property key="extra-include-directories" value="../src;../src/config/default;../src/packs/PIC32MX450F256H_DFP"/>
        <property key="generate-16-bit-code" value="false"/>
        <property key="generate-micro-compressed-code" value="false"/>
        <property key="isolate-each-function" value="true"/>
        <property key="make-warnings-into-errors" value="false"/>
        <property key="optimization-level" value="-O1"/>
        <property key="place-data-into-section" value="false"/>
        <property key="post-instruction-scheduling" value="default"/>
        <property key="pre-instruction-scheduling" value="default"/>
        <property key="preprocessor-macros" value=""/>
        <property key="rtti" value="true"/>
        <property key="strict-ansi" value="false"/>
        <property key="use-cci" value="false"/>
        <property key="use-iar" value="false"/>
        <property key="use-indirect-calls" value="false"/>
      </C32CPP>
      <C32Global>
        <property key="gp-relative-option" value=""/>
        <property key="legacy-libc" value="false"/>
        <property key="save-temps" value="false"/>
        <property key="wpo-lto" value="false"/>
      </C32Global>
      <ICD3PlatformTool>
        <property key="firmware.download.all" value="false"/>
      </ICD3PlatformTool>
      <PICkit3PlatformTool>
        <property key="ADC 1" value="true"/>
        <property key="AutoSelectMemRanges" value="auto"/>
        <property key="CHANGE NOTICE" value="true"/>
        <property key="COMPARATOR" value="true"/>
        <property key="CTMU" value="true"/>
        <property key="DMA" value="true"/>
        <property key="Freeze All Other Peripherals" value="true"/>
        <property key="I2C1" value="true"/>
        <property key="I2C2" value="true"/>
        <property key="INPUT CAPTURE 1" value="true"/>
        <property key="INPUT CAPTURE 2" value="true"/>
        <property key="INPUT CAPTURE 3" value="true"/>
        <property key="INPUT CAPTURE 4" value="true"/>
        <property key="INPUT CAPTURE 5" value="true"/>
        <property key="INTERRUPT CONTROL" value="true"/>
        <property key="OUTPUT COMPARE 1" value="true"/>
        <property key="OUTPUT COMPARE 2" value="true"/>
        <property key="OUTPUT COMPARE 3" value="true"/>
        <property key="OUTPUT COMPARE 4" value="true"/>
        <property key="OUTPUT COMPARE 5" value="true"/>
        <property key="PARALLEL MASTER/SLAVE PORT" value="true"/>
        <property key="REAL TIME CLOCK" value="true"/>
        <property key="SPI/I2S 1" value="true"/>
        <property key="SPI/I2S 2" value="true"/>
        <property key="SecureSegment.SegmentProgramming" value="FullChipProgramming"/>
        <property key="TIMER1" value="true"/>
        <property key="TIMER2" value="true"/>
        <property key="TIMER3" value="true"/>
        <property key="TIMER4" value="true"/>
        <property key="TIMER5" value="true"/>
        <property key="ToolFirmwareFilePath" value="Press to browse for a specific firmware version"/>
        <property key="ToolFirmwareOption.UseLatestFirmware" value="true"/>
        <property key="UART1" value="true"/>
        <property key="UART2" value="true"/>
        <property key="hwtoolclock.frcindebug" value="false"/>
        <property key="memories.aux" value="false"/>
        <property key="memories.bootflash" value="true"/>
        <property key="memories.configurationmemory" value="true"/>
        <property key="memories.eeprom" value="true"/>
        <property key="memories.flashdata" value="true"/>
        <property key="memories.id" value="true"/>
        <property key="memories.programmemory" value="true"/>
        <property key="memories.programmemory.end" value="0x1d003fff"/>
        <property key="memories.programmemory.start" value="0x1d000000"/>
        <property key="poweroptions.powerenable" value="false"/>
        <property key="programmertogo.imagename" value=""/>
        <property key="programoptions.donoteraseauxmem" value="false"/>
        <property key="programoptions.eraseb4program" value="true"/>
        <property key="programoptions.pgmspeed" value="2"/>
        <property key="programoptions.preserveeeprom" value="false"/>
        <property key="programoptions.preserveprogramrange" value="false"/>
        <property key="programoptions.preserveprogramrange.end" value="0x1d003fff"/>
        <property key="programoptions.preserveprogramrange.start" value="0x1d000000"/>
        <property key="programoptions.preserveuserid" value="false"/>
        <property key="programoptions.testmodeentrymethod" value="VPPFirst"/>
        <property key="programoptions.usehighvoltageonmclr" value="false"/>
        <property key="programoptions.uselvpprogramming" value="false"/>
        <property key="voltagevalue" value="3.25"/>
      </PICkit3PlatformTool>
    </conf>
  </confs>
</configurationDescriptor>